<?xml version="1.0" encoding="UTF-8"?>
<!DOCTYPE struts PUBLIC 
	"-//Apache Software Foundation//DTD Struts Configuration 2.0//EN"
	"http://struts.apache.org/dtds/struts-2.0.dtd">
	
<struts>
    <constant name="struts.serve.static" value="true"/>
    <package name="default" extends="struts-default" namespace="/" >
        <default-interceptor-ref name="defaultStack"/>
        <action name="index">
            <result>index.jsp</result>
        </action>
    </package>
    <include file="struts/struts-esdemo.xml" />

</struts>