<?xml version="1.0"?>
<WMS_Capabilities version="1.3.0" xmlns="http://www.opengis.net/wms"
    xmlns:xlink="http://www.w3.org/1999/xlink" xmlns:xsi="http://www.w3.org/2001/XMLSchema-instance"
    xsi:schemaLocation="http://schemas.opengis.net/wms/1.3.0/capabilities_1_3_0.xsd">
    <!-- Service Metadata -->
    <Service>
        <!-- The WMT-defined name for this type of service -->
        <Name>${serviceName}</Name>
        <!-- Human-readable title for pick lists -->
        <Title>${serviceTitle}</Title>
        <!-- Narrative description providing additional information -->

        <Abstract>${serviceAbstract}</Abstract>
        <!-- Top-level web address of service or service provider. See also OnlineResource 
            elements under <DCPType>. -->
        <OnlineResource xmlns:xlink="http://www.w3.org/1999/xlink"
            xlink:type="simple" xlink:href="http://github.com/davidmoten/grumpy" />

        <!-- Contact information -->

        <!-- Fees or access constraints imposed. -->

        <Fees>none</Fees>
        <AccessConstraints>none</AccessConstraints>
        <LayerLimit>20</LayerLimit>
        <MaxWidth>${serviceMaxWidth}</MaxWidth>
        <MaxHeight>${serviceMaxHeight}</MaxHeight>
    </Service>

    <Capability>
        <Request>
            <GetCapabilities>
                <Format>text/xml</Format>
            </GetCapabilities>
            <GetMap>
                ${imageFormats}
            </GetMap>
            <GetFeatureInfo>
                ${infoFormats}
            </GetFeatureInfo>
        </Request>
        <Exception>
            <Format>XML</Format>
            <Format>INIMAGE</Format>
            <Format>BLANK</Format>
        </Exception>

        ${layers}
    </Capability>
</WMS_Capabilities>

