{"account_number":303,"balance":21976,"firstname":"Huffman","lastname":"Green","age":24,"gender":"F","address":"455 Colby Court","employer":"Comtest","email":"huffmangreen@comtest.com","city":"Weeksville","state":"UT"}
{"index":{"_id":"308"}}
{"account_number":308,"balance":33989,"firstname":"Glass","lastname":"Schroeder","age":25,"gender":"F","address":"670 Veterans Avenue","employer":"Realmo","email":"glassschroeder@realmo.com","city":"Gratton","state":"NY"}
{"index":{"_id":"310"}}
{"account_number":310,"balance":23049,"firstname":"Shannon","lastname":"Morton","age":39,"gender":"F","address":"412 Pleasant Place","employer":"Ovation","email":"shannonmorton@ovation.com","city":"Edgar","state":"AZ"}
{"index":{"_id":"315"}}
{"account_number":315,"balance":1314,"firstname":"Clare","lastname":"Morrow","age":33,"gender":"F","address":"728 Madeline Court","employer":"Gaptec","email":"claremorrow@gaptec.com","city":"Mapletown","state":"PA"}
{"index":{"_id":"322"}}
{"account_number":322,"balance":6303,"firstname":"Gilliam","lastname":"Horne","age":27,"gender":"M","address":"414 Florence Avenue","employer":"Shepard","email":"gilliamhorne@shepard.com","city":"Winesburg","state":"WY"}
{"index":{"_id":"327"}}
{"account_number":327,"balance":29294,"firstname":"Nell","lastname":"Contreras","age":27,"gender":"M","address":"694 Gold Street","employer":"Momentia","email":"nellcontreras@momentia.com","city":"Cumminsville","state":"AL"}
{"index":{"_id":"334"}}
{"account_number":334,"balance":9178,"firstname":"Cross","lastname":"Floyd","age":21,"gender":"F","address":"815 Herkimer Court","employer":"Maroptic","email":"crossfloyd@maroptic.com","city":"Kraemer","state":"AK"}
{"index":{"_id":"339"}}
{"account_number":339,"balance":3992,"firstname":"Franco","lastname":"Welch","age":38,"gender":"F","address":"776 Brightwater Court","employer":"Earthplex","email":"francowelch@earthplex.com","city":"Naomi","state":"ME"}
{"index":{"_id":"341"}}
{"account_number":341,"balance":44367,"firstname":"Alberta","lastname":"Bradford","age":30,"gender":"F","address":"670 Grant Avenue","employer":"Bugsall","email":"albertabradford@bugsall.com","city":"Romeville","state":"MT"}
{"index":{"_id":"346"}}
{"account_number":346,"balance":26594,"firstname":"Shelby","lastname":"Sanchez","age":36,"gender":"F","address":"257 Fillmore Avenue","employer":"Geekus","email":"shelbysanchez@geekus.com","city":"Seymour","state":"CO"}
{"index":{"_id":"353"}}
{"account_number":353,"balance":45182,"firstname":"Rivera","lastname":"Sherman","age":37,"gender":"M","address":"603 Garden Place","employer":"Bovis","email":"riverasherman@bovis.com","city":"Otranto","state":"CA"}
{"index":{"_id":"358"}}
{"account_number":358,"balance":44043,"firstname":"Hale","lastname":"Baldwin","age":40,"gender":"F","address":"845 Menahan Street","employer":"Kidgrease","email":"halebaldwin@kidgrease.com","city":"Day","state":"AK"}
{"index":{"_id":"360"}}
{"account_number":360,"balance":26651,"firstname":"Ward","lastname":"Hicks","age":34,"gender":"F","address":"592 Brighton Court","employer":"Biotica","email":"wardhicks@biotica.com","city":"Kanauga","state":"VT"}
{"index":{"_id":"365"}}
{"account_number":365,"balance":3176,"firstname":"Sanders","lastname":"Holder","age":31,"gender":"F","address":"453 Cypress Court","employer":"Geekola","email":"sandersholder@geekola.com","city":"Staples","state":"TN"}
{"index":{"_id":"372"}}
{"account_number":372,"balance":28566,"firstname":"Alba","lastname":"Forbes","age":24,"gender":"M","address":"814 Meserole Avenue","employer":"Isostream","email":"albaforbes@isostream.com","city":"Clarence","state":"OR"}
{"index":{"_id":"377"}}
{"account_number":377,"balance":5374,"firstname":"Margo","lastname":"Gay","age":34,"gender":"F","address":"613 Chase Court","employer":"Rotodyne","email":"margogay@rotodyne.com","city":"Waumandee","state":"KS"}
{"index":{"_id":"384"}}
{"account_number":384,"balance":48758,"firstname":"Sallie","lastname":"Houston","age":31,"gender":"F","address":"836 Polar Street","employer":"Squish","email":"salliehouston@squish.com","city":"Morningside","state":"NC"}
{"index":{"_id":"389"}}
{"account_number":389,"balance":8839,"firstname":"York","lastname":"Cummings","age":27,"gender":"M","address":"778 Centre Street","employer":"Insurity","email":"yorkcummings@insurity.com","city":"Freeburn","state":"RI"}
{"index":{"_id":"391"}}
{"account_number":391,"balance":14733,"firstname":"Holman","lastname":"Jordan","age":30,"gender":"M","address":"391 Forrest Street","employer":"Maineland","email":"holmanjordan@maineland.com","city":"Cade","state":"CT"}
{"index":{"_id":"396"}}
{"account_number":396,"balance":14613,"firstname":"Marsha","lastname":"Elliott","age":38,"gender":"F","address":"297 Liberty Avenue","employer":"Orbiflex","email":"marshaelliott@orbiflex.com","city":"Windsor","state":"TX"}
{"index":{"_id":"404"}}
{"account_number":404,"balance":34978,"firstname":"Massey","lastname":"Becker","age":26,"gender":"F","address":"930 Pitkin Avenue","employer":"Genekom","email":"masseybecker@genekom.com","city":"Blairstown","state":"OR"}
{"index":{"_id":"409"}}
{"account_number":409,"balance":36960,"firstname":"Maura","lastname":"Glenn","age":31,"gender":"M","address":"183 Poly Place","employer":"Viagreat","email":"mauraglenn@viagreat.com","city":"Foscoe","state":"DE"}
{"index":{"_id":"411"}}
{"account_number":411,"balance":1172,"firstname":"Guzman","lastname":"Whitfield","age":22,"gender":"M","address":"181 Perry Terrace","employer":"Springbee","email":"guzmanwhitfield@springbee.com","city":"Balm","state":"IN"}
{"index":{"_id":"416"}}
{"account_number":416,"balance":27169,"firstname":"Hunt","lastname":"Schwartz","age":28,"gender":"F","address":"461 Havens Place","employer":"Danja","email":"huntschwartz@danja.com","city":"Grenelefe","state":"NV"}
{"index":{"_id":"423"}}
{"account_number":423,"balance":38852,"firstname":"Hines","lastname":"Underwood","age":21,"gender":"F","address":"284 Louise Terrace","employer":"Namegen","email":"hinesunderwood@namegen.com","city":"Downsville","state":"CO"}
{"index":{"_id":"428"}}
{"account_number":428,"balance":13925,"firstname":"Stephens","lastname":"Cain","age":20,"gender":"F","address":"189 Summit Street","employer":"Rocklogic","email":"stephenscain@rocklogic.com","city":"Bourg","state":"HI"}
{"index":{"_id":"430"}}
{"account_number":430,"balance":15251,"firstname":"Alejandra","lastname":"Chavez","age":34,"gender":"M","address":"651 Butler Place","employer":"Gology","email":"alejandrachavez@gology.com","city":"Allensworth","state":"VT"}
{"index":{"_id":"435"}}
{"account_number":435,"balance":14654,"firstname":"Sue","lastname":"Lopez","age":22,"gender":"F","address":"632 Stone Avenue","employer":"Emergent","email":"suelopez@emergent.com","city":"Waterford","state":"TN"}
{"index":{"_id":"442"}}
{"account_number":442,"balance":36211,"firstname":"Lawanda","lastname":"Leon","age":27,"gender":"F","address":"126 Canal Avenue","employer":"Xixan","email":"lawandaleon@xixan.com","city":"Berwind","state":"TN"}
{"index":{"_id":"447"}}
{"account_number":447,"balance":11402,"firstname":"Lucia","lastname":"Livingston","age":35,"gender":"M","address":"773 Lake Avenue","employer":"Soprano","email":"lucialivingston@soprano.com","city":"Edgewater","state":"TN"}
{"index":{"_id":"454"}}
{"account_number":454,"balance":31687,"firstname":"Alicia","lastname":"Rollins","age":22,"gender":"F","address":"483 Verona Place","employer":"Boilcat","email":"aliciarollins@boilcat.com","city":"Lutsen","state":"MD"}
{"index":{"_id":"459"}}
{"account_number":459,"balance":18869,"firstname":"Pamela","lastname":"Henry","age":20,"gender":"F","address":"361 Locust Avenue","employer":"Imageflow","email":"pamelahenry@imageflow.com","city":"Greenfields","state":"OH"}
{"index":{"_id":"461"}}
{"account_number":461,"balance":38807,"firstname":"Mcbride","lastname":"Padilla","age":34,"gender":"F","address":"550 Borinquen Pl","employer":"Zepitope","email":"mcbridepadilla@zepitope.com","city":"Emory","state":"AZ"}
{"index":{"_id":"466"}}
{"account_number":466,"balance":25109,"firstname":"Marcie","lastname":"Mcmillan","age":30,"gender":"F","address":"947 Gain Court","employer":"Entroflex","email":"marciemcmillan@entroflex.com","city":"Ronco","state":"ND"}
{"index":{"_id":"473"}}
{"account_number":473,"balance":5391,"firstname":"Susan","lastname":"Luna","age":25,"gender":"F","address":"521 Bogart Street","employer":"Zaya","email":"susanluna@zaya.com","city":"Grazierville","state":"MI"}
{"index":{"_id":"478"}}
{"account_number":478,"balance":28044,"firstname":"Dana","lastname":"Decker","age":35,"gender":"M","address":"627 Dobbin Street","employer":"Acrodance","email":"danadecker@acrodance.com","city":"Sharon","state":"MN"}
{"index":{"_id":"480"}}
{"account_number":480,"balance":40807,"firstname":"Anastasia","lastname":"Parker","age":24,"gender":"M","address":"650 Folsom Place","employer":"Zilladyne","email":"anastasiaparker@zilladyne.com","city":"Oberlin","state":"WY"}
{"index":{"_id":"485"}}
{"account_number":485,"balance":44235,"firstname":"Albert","lastname":"Roberts","age":40,"gender":"M","address":"385 Harman Street","employer":"Stralum","email":"albertroberts@stralum.com","city":"Watrous","state":"NM"}
{"index":{"_id":"492"}}
{"account_number":492,"balance":31055,"firstname":"Burnett","lastname":"Briggs","age":35,"gender":"M","address":"987 Cass Place","employer":"Pharmex","email":"burnettbriggs@pharmex.com","city":"Cornfields","state":"TX"}
{"index":{"_id":"497"}}
{"account_number":497,"balance":13493,"firstname":"Doyle","lastname":"Jenkins","age":30,"gender":"M","address":"205 Nevins Street","employer":"Unia","email":"doylejenkins@unia.com","city":"Nicut","state":"DC"}
{"index":{"_id":"500"}}
{"account_number":500,"balance":39143,"firstname":"Pope","lastname":"Keith","age":28,"gender":"F","address":"537 Fane Court","employer":"Zboo","email":"popekeith@zboo.com","city":"Courtland","state":"AL"}
{"index":{"_id":"505"}}
{"account_number":505,"balance":45493,"firstname":"Shelley","lastname":"Webb","age":29,"gender":"M","address":"873 Crawford Avenue","employer":"Quadeebo","email":"shelleywebb@quadeebo.com","city":"Topanga","state":"IL"}
{"index":{"_id":"512"}}
{"account_number":512,"balance":47432,"firstname":"Alisha","lastname":"Morales","age":29,"gender":"M","address":"623 Batchelder Street","employer":"Terragen","email":"alishamorales@terragen.com","city":"Gilmore","state":"VA"}
{"index":{"_id":"517"}}
{"account_number":517,"balance":3022,"firstname":"Allyson","lastname":"Walls","age":38,"gender":"F","address":"334 Coffey Street","employer":"Gorganic","email":"allysonwalls@gorganic.com","city":"Dahlen","state":"GA"}
{"index":{"_id":"524"}}
{"account_number":524,"balance":49334,"firstname":"Salas","lastname":"Farley","age":30,"gender":"F","address":"499 Trucklemans Lane","employer":"Xumonk","email":"salasfarley@xumonk.com","city":"Noxen","state":"AL"}
{"index":{"_id":"529"}}
{"account_number":529,"balance":21788,"firstname":"Deann","lastname":"Fisher","age":23,"gender":"F","address":"511 Buffalo Avenue","employer":"Twiist","email":"deannfisher@twiist.com","city":"Templeton","state":"WA"}
{"index":{"_id":"531"}}
{"account_number":531,"balance":39770,"firstname":"Janet","lastname":"Pena","age":38,"gender":"M","address":"645 Livonia Avenue","employer":"Corecom","email":"janetpena@corecom.com","city":"Garberville","state":"OK"}
{"index":{"_id":"536"}}
{"account_number":536,"balance":6255,"firstname":"Emma","lastname":"Adkins","age":33,"gender":"F","address":"971 Calder Place","employer":"Ontagene","email":"emmaadkins@ontagene.com","city":"Ruckersville","state":"GA"}
{"index":{"_id":"543"}}
{"account_number":543,"balance":48022,"firstname":"Marina","lastname":"Rasmussen","age":31,"gender":"M","address":"446 Love Lane","employer":"Crustatia","email":"marinarasmussen@crustatia.com","city":"Statenville","state":"MD"}
{"index":{"_id":"548"}}
{"account_number":548,"balance":36930,"firstname":"Sandra","lastname":"Andrews","age":37,"gender":"M","address":"973 Prospect Street","employer":"Datagene","email":"sandraandrews@datagene.com","city":"Inkerman","state":"MO"}
{"index":{"_id":"550"}}
{"account_number":550,"balance":32238,"firstname":"Walsh","lastname":"Goodwin","age":22,"gender":"M","address":"953 Canda Avenue","employer":"Proflex","email":"walshgoodwin@proflex.com","city":"Ypsilanti","state":"MT"}
{"index":{"_id":"555"}}
{"account_number":555,"balance":10750,"firstname":"Fannie","lastname":"Slater","age":31,"gender":"M","address":"457 Tech Place","employer":"Kineticut","email":"fannieslater@kineticut.com","city":"Basye","state":"MO"}
{"index":{"_id":"562"}}
{"account_number":562,"balance":10737,"firstname":"Sarah","lastname":"Strong","age":39,"gender":"F","address":"177 Pioneer Street","employer":"Megall","email":"sarahstrong@megall.com","city":"Ladera","state":"WY"}
{"index":{"_id":"567"}}
{"account_number":567,"balance":6507,"firstname":"Diana","lastname":"Dominguez","age":40,"gender":"M","address":"419 Albany Avenue","employer":"Ohmnet","email":"dianadominguez@ohmnet.com","city":"Wildwood","state":"TX"}
{"index":{"_id":"574"}}
{"account_number":574,"balance":32954,"firstname":"Andrea","lastname":"Mosley","age":24,"gender":"M","address":"368 Throop Avenue","employer":"Musix","email":"andreamosley@musix.com","city":"Blende","state":"DC"}
{"index":{"_id":"579"}}
{"account_number":579,"balance":12044,"firstname":"Banks","lastname":"Sawyer","age":36,"gender":"M","address":"652 Doone Court","employer":"Rooforia","email":"bankssawyer@rooforia.com","city":"Foxworth","state":"ND"}
{"index":{"_id":"581"}}
{"account_number":581,"balance":16525,"firstname":"Fuller","lastname":"Mcintyre","age":32,"gender":"M","address":"169 Bergen Place","employer":"Applideck","email":"fullermcintyre@applideck.com","city":"Kenvil","state":"NY"}
{"index":{"_id":"586"}}
{"account_number":586,"balance":13644,"firstname":"Love","lastname":"Velasquez","age":26,"gender":"F","address":"290 Girard Street","employer":"Zomboid","email":"lovevelasquez@zomboid.com","city":"Villarreal","state":"SD"}
{"index":{"_id":"593"}}
{"account_number":593,"balance":41230,"firstname":"Muriel","lastname":"Vazquez","age":37,"gender":"M","address":"395 Montgomery Street","employer":"Sustenza","email":"murielvazquez@sustenza.com","city":"Strykersville","state":"OK"}
{"index":{"_id":"598"}}
{"account_number":598,"balance":33251,"firstname":"Morgan","lastname":"Coleman","age":33,"gender":"M","address":"324 McClancy Place","employer":"Aclima","email":"morgancoleman@aclima.com","city":"Bowden","state":"WA"}
{"index":{"_id":"601"}}
{"account_number":601,"balance":20796,"firstname":"Vickie","lastname":"Valentine","age":34,"gender":"F","address":"432 Bassett Avenue","employer":"Comvene","email":"vickievalentine@comvene.com","city":"Teasdale","state":"UT"}
{"index":{"_id":"606"}}
{"account_number":606,"balance":28770,"firstname":"Michael","lastname":"Bray","age":31,"gender":"M","address":"935 Lake Place","employer":"Telepark","email":"michaelbray@telepark.com","city":"Lemoyne","state":"CT"}
{"index":{"_id":"613"}}
{"account_number":613,"balance":39340,"firstname":"Eddie","lastname":"Mccarty","age":34,"gender":"F","address":"971 Richards Street","employer":"Bisba","email":"eddiemccarty@bisba.com","city":"Fruitdale","state":"NY"}
{"index":{"_id":"618"}}
{"account_number":618,"balance":8976,"firstname":"Cheri","lastname":"Ford","age":30,"gender":"F","address":"803 Ridgewood Avenue","employer":"Zorromop","email":"cheriford@zorromop.com","city":"Gambrills","state":"VT"}
{"index":{"_id":"620"}}
{"account_number":620,"balance":7224,"firstname":"Coleen","lastname":"Bartlett","age":38,"gender":"M","address":"761 Carroll Street","employer":"Idealis","email":"coleenbartlett@idealis.com","city":"Mathews","state":"DE"}
{"index":{"_id":"625"}}
{"account_number":625,"balance":46010,"firstname":"Cynthia","lastname":"Johnston","age":23,"gender":"M","address":"142 Box Street","employer":"Zentry","email":"cynthiajohnston@zentry.com","city":"Makena","state":"MA"}
{"index":{"_id":"632"}}
{"account_number":632,"balance":40470,"firstname":"Kay","lastname":"Warren","age":20,"gender":"F","address":"422 Alabama Avenue","employer":"Realysis","email":"kaywarren@realysis.com","city":"Homestead","state":"HI"}
{"index":{"_id":"637"}}
{"account_number":637,"balance":3169,"firstname":"Kathy","lastname":"Carter","age":27,"gender":"F","address":"410 Jamison Lane","employer":"Limage","email":"kathycarter@limage.com","city":"Ernstville","state":"WA"}
{"index":{"_id":"644"}}
{"account_number":644,"balance":44021,"firstname":"Etta","lastname":"Miller","age":21,"gender":"F","address":"376 Lawton Street","employer":"Bluegrain","email":"ettamiller@bluegrain.com","city":"Baker","state":"MD"}
{"index":{"_id":"649"}}
{"account_number":649,"balance":20275,"firstname":"Jeanine","lastname":"Malone","age":26,"gender":"F","address":"114 Dodworth Street","employer":"Nixelt","email":"jeaninemalone@nixelt.com","city":"Keyport","state":"AK"}
{"index":{"_id":"651"}}
{"account_number":651,"balance":18360,"firstname":"Young","lastname":"Reeves","age":34,"gender":"M","address":"581 Plaza Street","employer":"Krog","email":"youngreeves@krog.com","city":"Sussex","state":"WY"}
{"index":{"_id":"656"}}
{"account_number":656,"balance":21632,"firstname":"Olson","lastname":"Hunt","age":36,"gender":"M","address":"342 Jaffray Street","employer":"Volax","email":"olsonhunt@volax.com","city":"Bangor","state":"WA"}
{"index":{"_id":"663"}}
{"account_number":663,"balance":2456,"firstname":"Rollins","lastname":"Richards","age":37,"gender":"M","address":"129 Sullivan Place","employer":"Geostele","email":"rollinsrichards@geostele.com","city":"Morgandale","state":"FL"}
{"index":{"_id":"668"}}
{"account_number":668,"balance":45069,"firstname":"Potter","lastname":"Michael","age":27,"gender":"M","address":"803 Glenmore Avenue","employer":"Ontality","email":"pottermichael@ontality.com","city":"Newkirk","state":"KS"}
{"index":{"_id":"670"}}
{"account_number":670,"balance":10178,"firstname":"Ollie","lastname":"Riley","age":22,"gender":"M","address":"252 Jackson Place","employer":"Adornica","email":"ollieriley@adornica.com","city":"Brethren","state":"WI"}
{"index":{"_id":"675"}}
{"account_number":675,"balance":36102,"firstname":"Fisher","lastname":"Shepard","age":27,"gender":"F","address":"859 Varick Street","employer":"Qot","email":"fishershepard@qot.com","city":"Diaperville","state":"MD"}
{"index":{"_id":"682"}}
{"account_number":682,"balance":14168,"firstname":"Anne","lastname":"Hale","age":22,"gender":"F","address":"708 Anthony Street","employer":"Cytrek","email":"annehale@cytrek.com","city":"Beechmont","state":"WV"}
{"index":{"_id":"687"}}
{"account_number":687,"balance":48630,"firstname":"Caroline","lastname":"Cox","age":31,"gender":"M","address":"626 Hillel Place","employer":"Opticon","email":"carolinecox@opticon.com","city":"Loma","state":"ND"}
{"index":{"_id":"694"}}
{"account_number":694,"balance":33125,"firstname":"Craig","lastname":"Palmer","age":31,"gender":"F","address":"273 Montrose Avenue","employer":"Comvey","email":"craigpalmer@comvey.com","city":"Cleary","state":"OK"}
{"index":{"_id":"699"}}
{"account_number":699,"balance":4156,"firstname":"Gallagher","lastname":"Marshall","age":37,"gender":"F","address":"648 Clifford Place","employer":"Exiand","email":"gallaghermarshall@exiand.com","city":"Belfair","state":"KY"}
{"index":{"_id":"702"}}
{"account_number":702,"balance":46490,"firstname":"Meadows","lastname":"Delgado","age":26,"gender":"M","address":"612 Jardine Place","employer":"Daisu","email":"meadowsdelgado@daisu.com","city":"Venice","state":"AR"}
{"index":{"_id":"707"}}
{"account_number":707,"balance":30325,"firstname":"Sonya","lastname":"Trevino","age":30,"gender":"F","address":"181 Irving Place","employer":"Atgen","email":"sonyatrevino@atgen.com","city":"Enetai","state":"TN"}
{"index":{"_id":"714"}}
{"account_number":714,"balance":16602,"firstname":"Socorro","lastname":"Murray","age":34,"gender":"F","address":"810 Manhattan Court","employer":"Isoswitch","email":"socorromurray@isoswitch.com","city":"Jugtown","state":"AZ"}
{"index":{"_id":"719"}}
{"account_number":719,"balance":33107,"firstname":"Leanna","lastname":"Reed","age":25,"gender":"F","address":"528 Krier Place","employer":"Rodeology","email":"leannareed@rodeology.com","city":"Carrizo","state":"WI"}
{"index":{"_id":"721"}}
{"account_number":721,"balance":32958,"firstname":"Mara","lastname":"Dickson","age":26,"gender":"M","address":"810 Harrison Avenue","employer":"Comtours","email":"maradickson@comtours.com","city":"Thynedale","state":"DE"}
{"index":{"_id":"726"}}
{"account_number":726,"balance":44737,"firstname":"Rosemary","lastname":"Salazar","age":21,"gender":"M","address":"290 Croton Loop","employer":"Rockabye","email":"rosemarysalazar@rockabye.com","city":"Helen","state":"IA"}
{"index":{"_id":"733"}}
{"account_number":733,"balance":15722,"firstname":"Lakeisha","lastname":"Mccarthy","age":37,"gender":"M","address":"782 Turnbull Avenue","employer":"Exosis","email":"lakeishamccarthy@exosis.com","city":"Caberfae","state":"NM"}
{"index":{"_id":"738"}}
{"account_number":738,"balance":44936,"firstname":"Rosalind","lastname":"Hunter","age":32,"gender":"M","address":"644 Eaton Court","employer":"Zolarity","email":"rosalindhunter@zolarity.com","city":"Cataract","state":"SD"}
{"index":{"_id":"740"}}
{"account_number":740,"balance":6143,"firstname":"Chambers","lastname":"Hahn","age":22,"gender":"M","address":"937 Windsor Place","employer":"Medalert","email":"chambershahn@medalert.com","city":"Dorneyville","state":"DC"}
{"index":{"_id":"745"}}
{"account_number":745,"balance":4572,"firstname":"Jacobs","lastname":"Sweeney","age":32,"gender":"M","address":"189 Lott Place","employer":"Comtent","email":"jacobssweeney@comtent.com","city":"Advance","state":"NJ"}
{"index":{"_id":"752"}}
{"account_number":752,"balance":14039,"firstname":"Jerry","lastname":"Rush","age":31,"gender":"M","address":"632 Dank Court","employer":"Ebidco","email":"jerryrush@ebidco.com","city":"Geyserville","state":"AR"}
{"index":{"_id":"757"}}
{"account_number":757,"balance":34628,"firstname":"Mccullough","lastname":"Moore","age":30,"gender":"F","address":"304 Hastings Street","employer":"Nikuda","email":"mcculloughmoore@nikuda.com","city":"Charco","state":"DC"}
{"index":{"_id":"764"}}
{"account_number":764,"balance":3728,"firstname":"Noemi","lastname":"Gill","age":30,"gender":"M","address":"427 Chester Street","employer":"Avit","email":"noemigill@avit.com","city":"Chesterfield","state":"AL"}
{"index":{"_id":"769"}}
{"account_number":769,"balance":15362,"firstname":"Francis","lastname":"Beck","age":28,"gender":"M","address":"454 Livingston Street","employer":"Furnafix","email":"francisbeck@furnafix.com","city":"Dunnavant","state":"HI"}
{"index":{"_id":"771"}}
{"account_number":771,"balance":32784,"firstname":"Jocelyn","lastname":"Boone","age":23,"gender":"M","address":"513 Division Avenue","employer":"Collaire","email":"jocelynboone@collaire.com","city":"Lisco","state":"VT"}
{"index":{"_id":"776"}}
{"account_number":776,"balance":29177,"firstname":"Duke","lastname":"Atkinson","age":24,"gender":"M","address":"520 Doscher Street","employer":"Tripsch","email":"dukeatkinson@tripsch.com","city":"Lafferty","state":"NC"}
{"index":{"_id":"783"}}
{"account_number":783,"balance":11911,"firstname":"Faith","lastname":"Cooper","age":25,"gender":"F","address":"539 Rapelye Street","employer":"Insuron","email":"faithcooper@insuron.com","city":"Jennings","state":"MN"}
{"index":{"_id":"788"}}
{"account_number":788,"balance":12473,"firstname":"Marianne","lastname":"Aguilar","age":39,"gender":"F","address":"213 Holly Street","employer":"Marqet","email":"marianneaguilar@marqet.com","city":"Alfarata","state":"HI"}
{"index":{"_id":"790"}}
{"account_number":790,"balance":29912,"firstname":"Ellis","lastname":"Sullivan","age":39,"gender":"F","address":"877 Coyle Street","employer":"Enersave","email":"ellissullivan@enersave.com","city":"Canby","state":"MS"}
{"index":{"_id":"795"}}
{"account_number":795,"balance":31450,"firstname":"Bruce","lastname":"Avila","age":34,"gender":"M","address":"865 Newkirk Placez","employer":"Plasmosis","email":"bruceavila@plasmosis.com","city":"Ada","state":"ID"}
{"index":{"_id":"803"}}
{"account_number":803,"balance":49567,"firstname":"Marissa","lastname":"Spears","age":25,"gender":"M","address":"963 Highland Avenue","employer":"Centregy","email":"marissaspears@centregy.com","city":"Bloomington","state":"MS"}
{"index":{"_id":"808"}}
{"account_number":808,"balance":11251,"firstname":"Nola","lastname":"Quinn","age":20,"gender":"M","address":"863 Wythe Place","employer":"Iplax","email":"nolaquinn@iplax.com","city":"Cuylerville","state":"NH"}
{"index":{"_id":"810"}}
{"account_number":810,"balance":10563,"firstname":"Alyssa","lastname":"Ortega","age":40,"gender":"M","address":"977 Clymer Street","employer":"Eventage","email":"alyssaortega@eventage.com","city":"Convent","state":"SC"}
{"index":{"_id":"815"}}
{"account_number":815,"balance":19336,"firstname":"Guthrie","lastname":"Morse","age":30,"gender":"M","address":"685 Vandalia Avenue","employer":"Gronk","email":"guthriemorse@gronk.com","city":"Fowlerville","state":"OR"}
{"index":{"_id":"822"}}
{"account_number":822,"balance":13024,"firstname":"Hicks","lastname":"Farrell","age":25,"gender":"M","address":"468 Middleton Street","employer":"Zolarex","email":"hicksfarrell@zolarex.com","city":"Columbus","state":"OR"}
{"index":{"_id":"827"}}
{"account_number":827,"balance":37536,"firstname":"Naomi","lastname":"Ball","age":29,"gender":"F","address":"319 Stewart Street","employer":"Isotronic","email":"naomiball@isotronic.com","city":"Trona","state":"NM"}
{"index":{"_id":"834"}}
{"account_number":834,"balance":38049,"firstname":"Sybil","lastname":"Carrillo","age":25,"gender":"M","address":"359 Baughman Place","employer":"Phuel","email":"sybilcarrillo@phuel.com","city":"Kohatk","state":"CT"}
{"index":{"_id":"839"}}
{"account_number":839,"balance":38292,"firstname":"Langley","lastname":"Neal","age":39,"gender":"F","address":"565 Newton Street","employer":"Liquidoc","email":"langleyneal@liquidoc.com","city":"Osage","state":"AL"}
{"index":{"_id":"841"}}
{"account_number":841,"balance":28291,"firstname":"Dalton","lastname":"Waters","age":21,"gender":"M","address":"859 Grand Street","employer":"Malathion","email":"daltonwaters@malathion.com","city":"Tonopah","state":"AZ"}
{"index":{"_id":"846"}}
{"account_number":846,"balance":35099,"firstname":"Maureen","lastname":"Glass","age":22,"gender":"M","address":"140 Amherst Street","employer":"Stelaecor","email":"maureenglass@stelaecor.com","city":"Cucumber","state":"IL"}
{"index":{"_id":"853"}}
{"account_number":853,"balance":38353,"firstname":"Travis","lastname":"Parks","age":40,"gender":"M","address":"930 Bay Avenue","employer":"Pyramax","email":"travisparks@pyramax.com","city":"Gadsden","state":"ND"}
{"index":{"_id":"858"}}
{"account_number":858,"balance":23194,"firstname":"Small","lastname":"Hatfield","age":36,"gender":"M","address":"593 Tennis Court","employer":"Letpro","email":"smallhatfield@letpro.com","city":"Haena","state":"KS"}
{"index":{"_id":"860"}}
{"account_number":860,"balance":23613,"firstname":"Clark","lastname":"Boyd","age":37,"gender":"M","address":"501 Rock Street","employer":"Deepends","email":"clarkboyd@deepends.com","city":"Whitewater","state":"MA"}
{"index":{"_id":"865"}}
{"account_number":865,"balance":10574,"firstname":"Cook","lastname":"Kelley","age":28,"gender":"F","address":"865 Lincoln Terrace","employer":"Quizmo","email":"cookkelley@quizmo.com","city":"Kansas","state":"KY"}
{"index":{"_id":"872"}}
{"account_number":872,"balance":26314,"firstname":"Jane","lastname":"Greer","age":36,"gender":"F","address":"717 Hewes Street","employer":"Newcube","email":"janegreer@newcube.com","city":"Delshire","state":"DE"}
{"index":{"_id":"877"}}
{"account_number":877,"balance":42879,"firstname":"Tracey","lastname":"Ruiz","age":34,"gender":"F","address":"141 Tompkins Avenue","employer":"Waab","email":"traceyruiz@waab.com","city":"Zeba","state":"NM"}
{"index":{"_id":"884"}}
{"account_number":884,"balance":29316,"firstname":"Reva","lastname":"Rosa","age":40,"gender":"M","address":"784 Greene Avenue","employer":"Urbanshee","email":"revarosa@urbanshee.com","city":"Bakersville","state":"MS"}
{"index":{"_id":"889"}}
{"account_number":889,"balance":26464,"firstname":"Fischer","lastname":"Klein","age":38,"gender":"F","address":"948 Juliana Place","employer":"Comtext","email":"fischerklein@comtext.com","city":"Jackpot","state":"PA"}
{"index":{"_id":"891"}}
{"account_number":891,"balance":34829,"firstname":"Jacobson","lastname":"Clemons","age":24,"gender":"F","address":"507 Wilson Street","employer":"Quilm","email":"jacobsonclemons@quilm.com","city":"Muir","state":"TX"}
{"index":{"_id":"896"}}
{"account_number":896,"balance":31947,"firstname":"Buckley","lastname":"Peterson","age":26,"gender":"M","address":"217 Beayer Place","employer":"Earwax","email":"buckleypeterson@earwax.com","city":"Franklin","state":"DE"}
{"index":{"_id":"904"}}
{"account_number":904,"balance":27707,"firstname":"Mendez","lastname":"Mcneil","age":26,"gender":"M","address":"431 Halsey Street","employer":"Macronaut","email":"mendezmcneil@macronaut.com","city":"Troy","state":"OK"}
{"index":{"_id":"909"}}
{"account_number":909,"balance":18421,"firstname":"Stark","lastname":"Lewis","age":36,"gender":"M","address":"409 Tilden Avenue","employer":"Frosnex","email":"starklewis@frosnex.com","city":"Axis","state":"CA"}
{"index":{"_id":"911"}}
{"account_number":911,"balance":42655,"firstname":"Annie","lastname":"Lyons","age":21,"gender":"M","address":"518 Woods Place","employer":"Enerforce","email":"annielyons@enerforce.com","city":"Stagecoach","state":"MA"}
{"index":{"_id":"916"}}
{"account_number":916,"balance":47887,"firstname":"Jarvis","lastname":"Alexander","age":40,"gender":"M","address":"406 Bergen Avenue","employer":"Equitax","email":"jarvisalexander@equitax.com","city":"Haring","state":"KY"}
{"index":{"_id":"923"}}
{"account_number":923,"balance":48466,"firstname":"Mueller","lastname":"Mckee","age":26,"gender":"M","address":"298 Ruby Street","employer":"Luxuria","email":"muellermckee@luxuria.com","city":"Coleville","state":"TN"}
{"index":{"_id":"928"}}
{"account_number":928,"balance":19611,"firstname":"Hester","lastname":"Copeland","age":22,"gender":"F","address":"425 Cropsey Avenue","employer":"Dymi","email":"hestercopeland@dymi.com","city":"Wolcott","state":"NE"}
{"index":{"_id":"930"}}
{"account_number":930,"balance":47257,"firstname":"Kinney","lastname":"Lawson","age":39,"gender":"M","address":"501 Raleigh Place","employer":"Neptide","email":"kinneylawson@neptide.com","city":"Deltaville","state":"MD"}
{"index":{"_id":"935"}}
{"account_number":935,"balance":4959,"firstname":"Flowers","lastname":"Robles","age":30,"gender":"M","address":"201 Hull Street","employer":"Xelegyl","email":"flowersrobles@xelegyl.com","city":"Rehrersburg","state":"AL"}
{"index":{"_id":"942"}}
{"account_number":942,"balance":21299,"firstname":"Hamilton","lastname":"Clayton","age":26,"gender":"M","address":"413 Debevoise Street","employer":"Architax","email":"hamiltonclayton@architax.com","city":"Terlingua","state":"NM"}
{"index":{"_id":"947"}}
{"account_number":947,"balance":22039,"firstname":"Virgie","lastname":"Garza","age":30,"gender":"M","address":"903 Matthews Court","employer":"Plasmox","email":"virgiegarza@plasmox.com","city":"Somerset","state":"WY"}
{"index":{"_id":"954"}}
{"account_number":954,"balance":49404,"firstname":"Jenna","lastname":"Martin","age":22,"gender":"M","address":"688 Hart Street","employer":"Zinca","email":"jennamartin@zinca.com","city":"Oasis","state":"MD"}
{"index":{"_id":"959"}}
{"account_number":959,"balance":34743,"firstname":"Shaffer","lastname":"Cervantes","age":40,"gender":"M","address":"931 Varick Avenue","employer":"Oceanica","email":"shaffercervantes@oceanica.com","city":"Bowie","state":"AL"}
{"index":{"_id":"961"}}
{"account_number":961,"balance":43219,"firstname":"Betsy","lastname":"Hyde","age":27,"gender":"F","address":"183 Junius Street","employer":"Tubalum","email":"betsyhyde@tubalum.com","city":"Driftwood","state":"TX"}
{"index":{"_id":"966"}}
{"account_number":966,"balance":20619,"firstname":"Susanne","lastname":"Rodriguez","age":35,"gender":"F","address":"255 Knickerbocker Avenue","employer":"Comtrek","email":"susannerodriguez@comtrek.com","city":"Trinway","state":"TX"}
{"index":{"_id":"973"}}
{"account_number":973,"balance":45756,"firstname":"Rice","lastname":"Farmer","age":31,"gender":"M","address":"476 Nassau Avenue","employer":"Photobin","email":"ricefarmer@photobin.com","city":"Suitland","state":"ME"}
{"index":{"_id":"978"}}
{"account_number":978,"balance":21459,"firstname":"Melanie","lastname":"Rojas","age":33,"gender":"M","address":"991 Java Street","employer":"Kage","email":"melanierojas@kage.com","city":"Greenock","state":"VT"}
{"index":{"_id":"980"}}
{"account_number":980,"balance":42436,"firstname":"Cash","lastname":"Collier","age":33,"gender":"F","address":"999 Sapphire Street","employer":"Ceprene","email":"cashcollier@ceprene.com","city":"Glidden","state":"AK"}
{"index":{"_id":"985"}}
{"account_number":985,"balance":20083,"firstname":"Martin","lastname":"Gardner","age":28,"gender":"F","address":"644 Fairview Place","employer":"Golistic","email":"martingardner@golistic.com","city":"Connerton","state":"NJ"}
{"index":{"_id":"992"}}
{"account_number":992,"balance":11413,"firstname":"Kristie","lastname":"Kennedy","age":33,"gender":"F","address":"750 Hudson Avenue","employer":"Ludak","email":"kristiekennedy@ludak.com","city":"Warsaw","state":"WY"}
{"index":{"_id":"997"}}
{"account_number":997,"balance":25311,"firstname":"Combs","lastname":"Frederick","age":20,"gender":"M","address":"586 Lloyd Court","employer":"Pathways","email":"combsfrederick@pathways.com","city":"Williamson","state":"CA"}
{"index":{"_id":"3"}}
{"account_number":3,"balance":44947,"firstname":"Levine","lastname":"Burks","age":26,"gender":"F","address":"328 Wilson Avenue","employer":"Amtap","email":"levineburks@amtap.com","city":"Cochranville","state":"HI"}
{"index":{"_id":"8"}}
{"account_number":8,"balance":48868,"firstname":"Jan","lastname":"Burns","age":35,"gender":"M","address":"699 Visitation Place","employer":"Glasstep","email":"janburns@glasstep.com","city":"Wakulla","state":"AZ"}
{"index":{"_id":"10"}}
{"account_number":10,"balance":46170,"firstname":"Dominique","lastname":"Park","age":37,"gender":"F","address":"100 Gatling Place","employer":"Conjurica","email":"dominiquepark@conjurica.com","city":"Omar","state":"NJ"}
{"index":{"_id":"15"}}
{"account_number":15,"balance":43456,"firstname":"Bobbie","lastname":"Sexton","age":21,"gender":"M","address":"232 Sedgwick Place","employer":"Zytrex","email":"bobbiesexton@zytrex.com","city":"Hendersonville","state":"CA"}
{"index":{"_id":"22"}}
{"account_number":22,"balance":40283,"firstname":"Barrera","lastname":"Terrell","age":23,"gender":"F","address":"292 Orange Street","employer":"Steelfab","email":"barreraterrell@steelfab.com","city":"Bynum","state":"ME"}
{"index":{"_id":"27"}}
{"account_number":27,"balance":6176,"firstname":"Meyers","lastname":"Williamson","age":26,"gender":"F","address":"675 Henderson Walk","employer":"Plexia","email":"meyerswilliamson@plexia.com","city":"Richmond","state":"AZ"}
{"index":{"_id":"34"}}
{"account_number":34,"balance":35379,"firstname":"Ellison","lastname":"Kim","age":30,"gender":"F","address":"986 Revere Place","employer":"Signity","email":"ellisonkim@signity.com","city":"Sehili","state":"IL"}
{"index":{"_id":"39"}}
{"account_number":39,"balance":38688,"firstname":"Bowers","lastname":"Mendez","age":22,"gender":"F","address":"665 Bennet Court","employer":"Farmage","email":"bowersmendez@farmage.com","city":"Duryea","state":"PA"}
{"index":{"_id":"41"}}
{"account_number":41,"balance":36060,"firstname":"Hancock","lastname":"Holden","age":20,"gender":"M","address":"625 Gaylord Drive","employer":"Poochies","email":"hancockholden@poochies.com","city":"Alamo","state":"KS"}
{"index":{"_id":"46"}}
{"account_number":46,"balance":12351,"firstname":"Karla","lastname":"Bowman","age":23,"gender":"M","address":"554 Chapel Street","employer":"Undertap","email":"karlabowman@undertap.com","city":"Sylvanite","state":"DC"}
{"index":{"_id":"53"}}
{"account_number":53,"balance":28101,"firstname":"Kathryn","lastname":"Payne","age":29,"gender":"F","address":"467 Louis Place","employer":"Katakana","email":"kathrynpayne@katakana.com","city":"Harviell","state":"SD"}
{"index":{"_id":"58"}}
{"account_number":58,"balance":31697,"firstname":"Marva","lastname":"Cannon","age":40,"gender":"M","address":"993 Highland Place","employer":"Comcubine","email":"marvacannon@comcubine.com","city":"Orviston","state":"MO"}
{"index":{"_id":"60"}}
{"account_number":60,"balance":45955,"firstname":"Maude","lastname":"Casey","age":31,"gender":"F","address":"566 Strauss Street","employer":"Quilch","email":"maudecasey@quilch.com","city":"Enlow","state":"GA"}
{"index":{"_id":"65"}}
{"account_number":65,"balance":23282,"firstname":"Leonor","lastname":"Pruitt","age":24,"gender":"M","address":"974 Terrace Place","employer":"Velos","email":"leonorpruitt@velos.com","city":"Devon","state":"WI"}
{"index":{"_id":"72"}}
{"account_number":72,"balance":9732,"firstname":"Barlow","lastname":"Rhodes","age":25,"gender":"F","address":"891 Clinton Avenue","employer":"Zialactic","email":"barlowrhodes@zialactic.com","city":"Echo","state":"TN"}
{"index":{"_id":"77"}}
{"account_number":77,"balance":5724,"firstname":"Byrd","lastname":"Conley","age":24,"gender":"F","address":"698 Belmont Avenue","employer":"Zidox","email":"byrdconley@zidox.com","city":"Rockbridge","state":"SC"}
{"index":{"_id":"84"}}
{"account_number":84,"balance":3001,"firstname":"Hutchinson","lastname":"Newton","age":34,"gender":"F","address":"553 Locust Street","employer":"Zaggles","email":"hutchinsonnewton@zaggles.com","city":"Snyderville","state":"DC"}
{"index":{"_id":"89"}}
{"account_number":89,"balance":13263,"firstname":"Mcdowell","lastname":"Bradley","age":28,"gender":"M","address":"960 Howard Alley","employer":"Grok","email":"mcdowellbradley@grok.com","city":"Toftrees","state":"TX"}
{"index":{"_id":"91"}}
{"account_number":91,"balance":29799,"firstname":"Vonda","lastname":"Galloway","age":20,"gender":"M","address":"988 Voorhies Avenue","employer":"Illumity","email":"vondagalloway@illumity.com","city":"Holcombe","state":"HI"}
{"index":{"_id":"96"}}
{"account_number":96,"balance":15933,"firstname":"Shirley","lastname":"Edwards","age":38,"gender":"M","address":"817 Caton Avenue","employer":"Equitox","email":"shirleyedwards@equitox.com","city":"Nelson","state":"MA"}
{"index":{"_id":"104"}}
{"account_number":104,"balance":32619,"firstname":"Casey","lastname":"Roth","age":29,"gender":"M","address":"963 Railroad Avenue","employer":"Hotcakes","email":"caseyroth@hotcakes.com","city":"Davenport","state":"OH"}
{"index":{"_id":"109"}}
{"account_number":109,"balance":25812,"firstname":"Gretchen","lastname":"Dawson","age":31,"gender":"M","address":"610 Bethel Loop","employer":"Tetak","email":"gretchendawson@tetak.com","city":"Hailesboro","state":"CO"}
{"index":{"_id":"111"}}
{"account_number":111,"balance":1481,"firstname":"Traci","lastname":"Allison","age":35,"gender":"M","address":"922 Bryant Street","employer":"Enjola","email":"traciallison@enjola.com","city":"Robinette","state":"OR"}
{"index":{"_id":"116"}}
{"account_number":116,"balance":21335,"firstname":"Hobbs","lastname":"Wright","age":24,"gender":"M","address":"965 Temple Court","employer":"Netbook","email":"hobbswright@netbook.com","city":"Strong","state":"CA"}
{"index":{"_id":"123"}}
{"account_number":123,"balance":3079,"firstname":"Cleo","lastname":"Beach","age":27,"gender":"F","address":"653 Haring Street","employer":"Proxsoft","email":"cleobeach@proxsoft.com","city":"Greensburg","state":"ME"}
{"index":{"_id":"128"}}
{"account_number":128,"balance":3556,"firstname":"Mack","lastname":"Bullock","age":34,"gender":"F","address":"462 Ingraham Street","employer":"Terascape","email":"mackbullock@terascape.com","city":"Eureka","state":"PA"}
{"index":{"_id":"130"}}
{"account_number":130,"balance":24171,"firstname":"Roxie","lastname":"Cantu","age":33,"gender":"M","address":"841 Catherine Street","employer":"Skybold","email":"roxiecantu@skybold.com","city":"Deputy","state":"NE"}
{"index":{"_id":"135"}}
{"account_number":135,"balance":24885,"firstname":"Stevenson","lastname":"Crosby","age":40,"gender":"F","address":"473 Boardwalk ","employer":"Accel","email":"stevensoncrosby@accel.com","city":"Norris","state":"OK"}
{"index":{"_id":"142"}}
{"account_number":142,"balance":4544,"firstname":"Vang","lastname":"Hughes","age":27,"gender":"M","address":"357 Landis Court","employer":"Bolax","email":"vanghughes@bolax.com","city":"Emerald","state":"WY"}
{"index":{"_id":"147"}}
{"account_number":147,"balance":35921,"firstname":"Charmaine","lastname":"Whitney","age":28,"gender":"F","address":"484 Seton Place","employer":"Comveyer","email":"charmainewhitney@comveyer.com","city":"Dexter","state":"DC"}
{"index":{"_id":"154"}}
{"account_number":154,"balance":40945,"firstname":"Burns","lastname":"Solis","age":31,"gender":"M","address":"274 Lorraine Street","employer":"Rodemco","email":"burnssolis@rodemco.com","city":"Ballico","state":"WI"}
{"index":{"_id":"159"}}
{"account_number":159,"balance":1696,"firstname":"Alvarez","lastname":"Mack","age":22,"gender":"F","address":"897 Manor Court","employer":"Snorus","email":"alvarezmack@snorus.com","city":"Rosedale","state":"CA"}
{"index":{"_id":"161"}}
{"account_number":161,"balance":4659,"firstname":"Doreen","lastname":"Randall","age":37,"gender":"F","address":"178 Court Street","employer":"Calcula","email":"doreenrandall@calcula.com","city":"Belmont","state":"TX"}
{"index":{"_id":"166"}}
{"account_number":166,"balance":33847,"firstname":"Rutledge","lastname":"Rivas","age":23,"gender":"M","address":"352 Verona Street","employer":"Virxo","email":"rutledgerivas@virxo.com","city":"Brandermill","state":"NE"}
{"index":{"_id":"173"}}
{"account_number":173,"balance":5989,"firstname":"Whitley","lastname":"Blevins","age":32,"gender":"M","address":"127 Brooklyn Avenue","employer":"Pawnagra","email":"whitleyblevins@pawnagra.com","city":"Rodanthe","state":"ND"}
{"index":{"_id":"178"}}
{"account_number":178,"balance":36735,"firstname":"Clements","lastname":"Finley","age":39,"gender":"F","address":"270 Story Court","employer":"Imaginart","email":"clementsfinley@imaginart.com","city":"Lookingglass","state":"MN"}
{"index":{"_id":"180"}}
{"account_number":180,"balance":34236,"firstname":"Ursula","lastname":"Goodman","age":32,"gender":"F","address":"414 Clinton Street","employer":"Earthmark","email":"ursulagoodman@earthmark.com","city":"Rote","state":"AR"}
{"index":{"_id":"185"}}
{"account_number":185,"balance":43532,"firstname":"Laurel","lastname":"Cline","age":40,"gender":"M","address":"788 Fenimore Street","employer":"Prismatic","email":"laurelcline@prismatic.com","city":"Frank","state":"UT"}
{"index":{"_id":"192"}}
{"account_number":192,"balance":23508,"firstname":"Ramsey","lastname":"Carr","age":31,"gender":"F","address":"209 Williamsburg Street","employer":"Strezzo","email":"ramseycarr@strezzo.com","city":"Grapeview","state":"NM"}
{"index":{"_id":"197"}}
{"account_number":197,"balance":17246,"firstname":"Sweet","lastname":"Sanders","age":33,"gender":"F","address":"712 Homecrest Court","employer":"Isosure","email":"sweetsanders@isosure.com","city":"Sheatown","state":"VT"}
{"index":{"_id":"200"}}
{"account_number":200,"balance":26210,"firstname":"Teri","lastname":"Hester","age":39,"gender":"M","address":"653 Abbey Court","employer":"Electonic","email":"terihester@electonic.com","city":"Martell","state":"MD"}
{"index":{"_id":"205"}}
{"account_number":205,"balance":45493,"firstname":"Johnson","lastname":"Chang","age":28,"gender":"F","address":"331 John Street","employer":"Gleamink","email":"johnsonchang@gleamink.com","city":"Sultana","state":"KS"}
{"index":{"_id":"212"}}
{"account_number":212,"balance":10299,"firstname":"Marisol","lastname":"Fischer","age":39,"gender":"M","address":"362 Prince Street","employer":"Autograte","email":"marisolfischer@autograte.com","city":"Oley","state":"SC"}
{"index":{"_id":"217"}}
{"account_number":217,"balance":33730,"firstname":"Sally","lastname":"Mccoy","age":38,"gender":"F","address":"854 Corbin Place","employer":"Omnigog","email":"sallymccoy@omnigog.com","city":"Escondida","state":"FL"}
{"index":{"_id":"224"}}
{"account_number":224,"balance":42708,"firstname":"Billie","lastname":"Nixon","age":28,"gender":"F","address":"241 Kaufman Place","employer":"Xanide","email":"billienixon@xanide.com","city":"Chapin","state":"NY"}
{"index":{"_id":"229"}}
{"account_number":229,"balance":2740,"firstname":"Jana","lastname":"Hensley","age":30,"gender":"M","address":"176 Erasmus Street","employer":"Isotrack","email":"janahensley@isotrack.com","city":"Caledonia","state":"ME"}
{"index":{"_id":"231"}}
{"account_number":231,"balance":46180,"firstname":"Essie","lastname":"Clarke","age":34,"gender":"F","address":"308 Harbor Lane","employer":"Pharmacon","email":"essieclarke@pharmacon.com","city":"Fillmore","state":"MS"}
{"index":{"_id":"236"}}
{"account_number":236,"balance":41200,"firstname":"Suzanne","lastname":"Bird","age":39,"gender":"F","address":"219 Luquer Street","employer":"Imant","email":"suzannebird@imant.com","city":"Bainbridge","state":"NY"}
{"index":{"_id":"243"}}
{"account_number":243,"balance":29902,"firstname":"Evangelina","lastname":"Perez","age":20,"gender":"M","address":"787 Joval Court","employer":"Keengen","email":"evangelinaperez@keengen.com","city":"Mulberry","state":"SD"}
{"index":{"_id":"248"}}
{"account_number":248,"balance":49989,"firstname":"West","lastname":"England","age":36,"gender":"M","address":"717 Hendrickson Place","employer":"Obliq","email":"westengland@obliq.com","city":"Maury","state":"WA"}
{"index":{"_id":"250"}}
{"account_number":250,"balance":27893,"firstname":"Earlene","lastname":"Ellis","age":39,"gender":"F","address":"512 Bay Street","employer":"Codact","email":"earleneellis@codact.com","city":"Sunwest","state":"GA"}
{"index":{"_id":"255"}}
{"account_number":255,"balance":49339,"firstname":"Iva","lastname":"Rivers","age":38,"gender":"M","address":"470 Rost Place","employer":"Mantrix","email":"ivarivers@mantrix.com","city":"Disautel","state":"MD"}
{"index":{"_id":"262"}}
{"account_number":262,"balance":30289,"firstname":"Tameka","lastname":"Levine","age":36,"gender":"F","address":"815 Atlantic Avenue","employer":"Acium","email":"tamekalevine@acium.com","city":"Winchester","state":"SD"}
{"index":{"_id":"267"}}
{"account_number":267,"balance":42753,"firstname":"Weeks","lastname":"Castillo","age":21,"gender":"F","address":"526 Holt Court","employer":"Talendula","email":"weekscastillo@talendula.com","city":"Washington","state":"NV"}
{"index":{"_id":"274"}}
{"account_number":274,"balance":12104,"firstname":"Frieda","lastname":"House","age":33,"gender":"F","address":"171 Banker Street","employer":"Quonk","email":"friedahouse@quonk.com","city":"Aberdeen","state":"NJ"}
{"index":{"_id":"279"}}
{"account_number":279,"balance":15904,"firstname":"Chapman","lastname":"Hart","age":32,"gender":"F","address":"902 Bliss Terrace","employer":"Kongene","email":"chapmanhart@kongene.com","city":"Bradenville","state":"NJ"}
{"index":{"_id":"281"}}
{"account_number":281,"balance":39830,"firstname":"Bean","lastname":"Aguirre","age":20,"gender":"F","address":"133 Pilling Street","employer":"Amril","email":"beanaguirre@amril.com","city":"Waterview","state":"TX"}
{"index":{"_id":"286"}}
{"account_number":286,"balance":39063,"firstname":"Rosetta","lastname":"Turner","age":35,"gender":"M","address":"169 Jefferson Avenue","employer":"Spacewax","email":"rosettaturner@spacewax.com","city":"Stewart","state":"MO"}
{"index":{"_id":"293"}}
{"account_number":293,"balance":29867,"firstname":"Cruz","lastname":"Carver","age":28,"gender":"F","address":"465 Boerum Place","employer":"Vitricomp","email":"cruzcarver@vitricomp.com","city":"Crayne","state":"CO"}
{"index":{"_id":"298"}}
{"account_number":298,"balance":34334,"firstname":"Bullock","lastname":"Marsh","age":20,"gender":"M","address":"589 Virginia Place","employer":"Renovize","email":"bullockmarsh@renovize.com","city":"Coinjock","state":"UT"}
{"index":{"_id":"301"}}
{"account_number":301,"balance":16782,"firstname":"Minerva","lastname":"Graham","age":35,"gender":"M","address":"532 Harrison Place","employer":"Sureplex","email":"minervagraham@sureplex.com","city":"Belleview","state":"GA"}
{"index":{"_id":"306"}}
{"account_number":306,"balance":2171,"firstname":"Hensley","lastname":"Hardin","age":40,"gender":"M","address":"196 Maujer Street","employer":"Neocent","email":"hensleyhardin@neocent.com","city":"Reinerton","state":"HI"}
{"index":{"_id":"313"}}
{"account_number":313,"balance":34108,"firstname":"Alston","lastname":"Henderson","age":36,"gender":"F","address":"132 Prescott Place","employer":"Prosure","email":"alstonhenderson@prosure.com","city":"Worton","state":"IA"}
{"index":{"_id":"318"}}
{"account_number":318,"balance":8512,"firstname":"Nichole","lastname":"Pearson","age":34,"gender":"F","address":"656 Lacon Court","employer":"Yurture","email":"nicholepearson@yurture.com","city":"Juarez","state":"MO"}
{"index":{"_id":"320"}}
{"account_number":320,"balance":34521,"firstname":"Patti","lastname":"Brennan","age":37,"gender":"F","address":"870 Degraw Street","employer":"Cognicode","email":"pattibrennan@cognicode.com","city":"Torboy","state":"FL"}
{"index":{"_id":"325"}}
{"account_number":325,"balance":1956,"firstname":"Magdalena","lastname":"Simmons","age":25,"gender":"F","address":"681 Townsend Street","employer":"Geekosis","email":"magdalenasimmons@geekosis.com","city":"Sterling","state":"CA"}
{"index":{"_id":"332"}}
{"account_number":332,"balance":37770,"firstname":"Shepherd","lastname":"Davenport","age":28,"gender":"F","address":"586 Montague Terrace","employer":"Ecraze","email":"shepherddavenport@ecraze.com","city":"Accoville","state":"NM"}
{"index":{"_id":"337"}}
{"account_number":337,"balance":43432,"firstname":"Monroe","lastname":"Stafford","age":37,"gender":"F","address":"183 Seigel Street","employer":"Centuria","email":"monroestafford@centuria.com","city":"Camino","state":"DE"}
{"index":{"_id":"344"}}
{"account_number":344,"balance":42654,"firstname":"Sasha","lastname":"Baxter","age":35,"gender":"F","address":"700 Bedford Place","employer":"Callflex","email":"sashabaxter@callflex.com","city":"Campo","state":"MI"}
{"index":{"_id":"349"}}
{"account_number":349,"balance":24180,"firstname":"Allison","lastname":"Fitzpatrick","age":22,"gender":"F","address":"913 Arlington Avenue","employer":"Veraq","email":"allisonfitzpatrick@veraq.com","city":"Marbury","state":"TX"}
{"index":{"_id":"351"}}
{"account_number":351,"balance":47089,"firstname":"Hendrix","lastname":"Stephens","age":29,"gender":"M","address":"181 Beaver Street","employer":"Recrisys","email":"hendrixstephens@recrisys.com","city":"Denio","state":"OR"}
{"index":{"_id":"356"}}
{"account_number":356,"balance":34540,"firstname":"Lourdes","lastname":"Valdez","age":20,"gender":"F","address":"700 Anchorage Place","employer":"Interloo","email":"lourdesvaldez@interloo.com","city":"Goldfield","state":"OK"}
{"index":{"_id":"363"}}
{"account_number":363,"balance":34007,"firstname":"Peggy","lastname":"Bright","age":21,"gender":"M","address":"613 Engert Avenue","employer":"Inventure","email":"peggybright@inventure.com","city":"Chautauqua","state":"ME"}
{"index":{"_id":"368"}}
{"account_number":368,"balance":23535,"firstname":"Hooper","lastname":"Tyson","age":39,"gender":"M","address":"892 Taaffe Place","employer":"Zaggle","email":"hoopertyson@zaggle.com","city":"Nutrioso","state":"ME"}
{"index":{"_id":"370"}}
{"account_number":370,"balance":28499,"firstname":"Oneill","lastname":"Carney","age":25,"gender":"F","address":"773 Adelphi Street","employer":"Bedder","email":"oneillcarney@bedder.com","city":"Yorklyn","state":"FL"}
{"index":{"_id":"375"}}
{"account_number":375,"balance":23860,"firstname":"Phoebe","lastname":"Patton","age":25,"gender":"M","address":"564 Hale Avenue","employer":"Xoggle","email":"phoebepatton@xoggle.com","city":"Brule","state":"NM"}
{"index":{"_id":"382"}}
{"account_number":382,"balance":42061,"firstname":"Finley","lastname":"Singleton","age":37,"gender":"F","address":"407 Clay Street","employer":"Quarex","email":"finleysingleton@quarex.com","city":"Bedias","state":"LA"}
{"index":{"_id":"387"}}
{"account_number":387,"balance":35916,"firstname":"April","lastname":"Hill","age":29,"gender":"M","address":"818 Bayard Street","employer":"Kengen","email":"aprilhill@kengen.com","city":"Chloride","state":"NC"}
{"index":{"_id":"394"}}
{"account_number":394,"balance":6121,"firstname":"Lorrie","lastname":"Nunez","age":38,"gender":"M","address":"221 Ralph Avenue","employer":"Bullzone","email":"lorrienunez@bullzone.com","city":"Longoria","state":"ID"}
{"index":{"_id":"399"}}
{"account_number":399,"balance":32587,"firstname":"Carmela","lastname":"Franks","age":23,"gender":"M","address":"617 Dewey Place","employer":"Zensure","email":"carmelafranks@zensure.com","city":"Sanders","state":"DC"}
{"index":{"_id":"402"}}
{"account_number":402,"balance":1282,"firstname":"Pacheco","lastname":"Rosales","age":32,"gender":"M","address":"538 Pershing Loop","employer":"Circum","email":"pachecorosales@circum.com","city":"Elbert","state":"ID"}
{"index":{"_id":"407"}}
{"account_number":407,"balance":36417,"firstname":"Gilda","lastname":"Jacobson","age":29,"gender":"F","address":"883 Loring Avenue","employer":"Comveyor","email":"gildajacobson@comveyor.com","city":"Topaz","state":"NH"}
{"index":{"_id":"414"}}
{"account_number":414,"balance":17506,"firstname":"Conway","lastname":"Daugherty","age":37,"gender":"F","address":"643 Kermit Place","employer":"Lyria","email":"conwaydaugherty@lyria.com","city":"Vaughn","state":"NV"}
{"index":{"_id":"419"}}
{"account_number":419,"balance":34847,"firstname":"Helen","lastname":"Montoya","age":29,"gender":"F","address":"736 Kingsland Avenue","employer":"Hairport","email":"helenmontoya@hairport.com","city":"Edinburg","state":"NE"}
{"index":{"_id":"421"}}
{"account_number":421,"balance":46868,"firstname":"Tamika","lastname":"Mccall","age":27,"gender":"F","address":"764 Bragg Court","employer":"Eventix","email":"tamikamccall@eventix.com","city":"Tivoli","state":"RI"}
{"index":{"_id":"426"}}
{"account_number":426,"balance":4499,"firstname":"Julie","lastname":"Parsons","age":31,"gender":"M","address":"768 Keap Street","employer":"Goko","email":"julieparsons@goko.com","city":"Coldiron","state":"VA"}
{"index":{"_id":"433"}}
{"account_number":433,"balance":19266,"firstname":"Wilkinson","lastname":"Flowers","age":39,"gender":"M","address":"154 Douglass Street","employer":"Xsports","email":"wilkinsonflowers@xsports.com","city":"Coultervillle","state":"MN"}
{"index":{"_id":"438"}}
{"account_number":438,"balance":16367,"firstname":"Walter","lastname":"Velez","age":27,"gender":"F","address":"931 Farragut Road","employer":"Virva","email":"waltervelez@virva.com","city":"Tyro","state":"WV"}
{"index":{"_id":"440"}}
{"account_number":440,"balance":41590,"firstname":"Ray","lastname":"Wiley","age":31,"gender":"F","address":"102 Barwell Terrace","employer":"Polaria","email":"raywiley@polaria.com","city":"Hardyville","state":"IA"}
{"index":{"_id":"445"}}
{"account_number":445,"balance":41178,"firstname":"Rodriguez","lastname":"Macias","age":34,"gender":"M","address":"164 Boerum Street","employer":"Xylar","email":"rodriguezmacias@xylar.com","city":"Riner","state":"AL"}
{"index":{"_id":"452"}}
{"account_number":452,"balance":3589,"firstname":"Blackwell","lastname":"Delaney","age":39,"gender":"F","address":"443 Sackett Street","employer":"Imkan","email":"blackwelldelaney@imkan.com","city":"Gasquet","state":"DC"}
{"index":{"_id":"457"}}
{"account_number":457,"balance":14057,"firstname":"Bush","lastname":"Gordon","age":34,"gender":"M","address":"975 Dakota Place","employer":"Softmicro","email":"bushgordon@softmicro.com","city":"Chemung","state":"PA"}
{"index":{"_id":"464"}}
{"account_number":464,"balance":20504,"firstname":"Cobb","lastname":"Humphrey","age":21,"gender":"M","address":"823 Sunnyside Avenue","employer":"Apexia","email":"cobbhumphrey@apexia.com","city":"Wintersburg","state":"NY"}
{"index":{"_id":"469"}}
{"account_number":469,"balance":26509,"firstname":"Marci","lastname":"Shepherd","age":26,"gender":"M","address":"565 Hall Street","employer":"Shadease","email":"marcishepherd@shadease.com","city":"Springhill","state":"IL"}
{"index":{"_id":"471"}}
{"account_number":471,"balance":7629,"firstname":"Juana","lastname":"Silva","age":36,"gender":"M","address":"249 Amity Street","employer":"Artworlds","email":"juanasilva@artworlds.com","city":"Norfolk","state":"TX"}
{"index":{"_id":"476"}}
{"account_number":476,"balance":33386,"firstname":"Silva","lastname":"Marks","age":31,"gender":"F","address":"183 Eldert Street","employer":"Medifax","email":"silvamarks@medifax.com","city":"Hachita","state":"RI"}
{"index":{"_id":"483"}}
{"account_number":483,"balance":6344,"firstname":"Kelley","lastname":"Harper","age":29,"gender":"M","address":"758 Preston Court","employer":"Xyqag","email":"kelleyharper@xyqag.com","city":"Healy","state":"IA"}
{"index":{"_id":"488"}}
{"account_number":488,"balance":6289,"firstname":"Wilma","lastname":"Hopkins","age":38,"gender":"M","address":"428 Lee Avenue","employer":"Entality","email":"wilmahopkins@entality.com","city":"Englevale","state":"WI"}
{"index":{"_id":"490"}}
{"account_number":490,"balance":1447,"firstname":"Strong","lastname":"Hendrix","age":26,"gender":"F","address":"134 Beach Place","employer":"Duoflex","email":"stronghendrix@duoflex.com","city":"Allentown","state":"ND"}
{"index":{"_id":"495"}}
{"account_number":495,"balance":13478,"firstname":"Abigail","lastname":"Nichols","age":40,"gender":"F","address":"887 President Street","employer":"Enquility","email":"abigailnichols@enquility.com","city":"Bagtown","state":"NM"}
{"index":{"_id":"503"}}
{"account_number":503,"balance":42649,"firstname":"Leta","lastname":"Stout","age":39,"gender":"F","address":"518 Bowery Street","employer":"Pivitol","email":"letastout@pivitol.com","city":"Boonville","state":"ND"}
{"index":{"_id":"508"}}
{"account_number":508,"balance":41300,"firstname":"Lawrence","lastname":"Mathews","age":27,"gender":"F","address":"987 Rose Street","employer":"Deviltoe","email":"lawrencemathews@deviltoe.com","city":"Woodburn","state":"FL"}
{"index":{"_id":"510"}}
{"account_number":510,"balance":48504,"firstname":"Petty","lastname":"Sykes","age":28,"gender":"M","address":"566 Village Road","employer":"Nebulean","email":"pettysykes@nebulean.com","city":"Wedgewood","state":"MO"}
{"index":{"_id":"515"}}
{"account_number":515,"balance":18531,"firstname":"Lott","lastname":"Keller","age":27,"gender":"M","address":"827 Miami Court","employer":"Translink","email":"lottkeller@translink.com","city":"Gila","state":"TX"}
{"index":{"_id":"522"}}
{"account_number":522,"balance":19879,"firstname":"Faulkner","lastname":"Garrett","age":29,"gender":"F","address":"396 Grove Place","employer":"Pigzart","email":"faulknergarrett@pigzart.com","city":"Felt","state":"AR"}
{"index":{"_id":"527"}}
{"account_number":527,"balance":2028,"firstname":"Carver","lastname":"Peters","age":35,"gender":"M","address":"816 Victor Road","employer":"Housedown","email":"carverpeters@housedown.com","city":"Nadine","state":"MD"}
{"index":{"_id":"534"}}
{"account_number":534,"balance":20470,"firstname":"Cristina","lastname":"Russo","age":25,"gender":"F","address":"500 Highlawn Avenue","employer":"Cyclonica","email":"cristinarusso@cyclonica.com","city":"Gorst","state":"KS"}
{"index":{"_id":"539"}}
{"account_number":539,"balance":24560,"firstname":"Tami","lastname":"Maddox","age":23,"gender":"F","address":"741 Pineapple Street","employer":"Accidency","email":"tamimaddox@accidency.com","city":"Kennedyville","state":"OH"}
{"index":{"_id":"541"}}
{"account_number":541,"balance":42915,"firstname":"Logan","lastname":"Burke","age":32,"gender":"M","address":"904 Clarendon Road","employer":"Overplex","email":"loganburke@overplex.com","city":"Johnsonburg","state":"OH"}
{"index":{"_id":"546"}}
{"account_number":546,"balance":43242,"firstname":"Bernice","lastname":"Sims","age":33,"gender":"M","address":"382 Columbia Street","employer":"Verbus","email":"bernicesims@verbus.com","city":"Sena","state":"KY"}
{"index":{"_id":"553"}}
{"account_number":553,"balance":28390,"firstname":"Aimee","lastname":"Cohen","age":28,"gender":"M","address":"396 Lafayette Avenue","employer":"Eplode","email":"aimeecohen@eplode.com","city":"Thatcher","state":"NJ"}
{"index":{"_id":"558"}}
{"account_number":558,"balance":8922,"firstname":"Horne","lastname":"Valenzuela","age":20,"gender":"F","address":"979 Kensington Street","employer":"Isoternia","email":"hornevalenzuela@isoternia.com","city":"Greenbush","state":"NC"}
{"index":{"_id":"560"}}
{"account_number":560,"balance":24514,"firstname":"Felecia","lastname":"Oneill","age":26,"gender":"M","address":"995 Autumn Avenue","employer":"Mediot","email":"feleciaoneill@mediot.com","city":"Joppa","state":"IN"}
{"index":{"_id":"565"}}
{"account_number":565,"balance":15197,"firstname":"Taylor","lastname":"Ingram","age":37,"gender":"F","address":"113 Will Place","employer":"Lyrichord","email":"tayloringram@lyrichord.com","city":"Collins","state":"ME"}
{"index":{"_id":"572"}}
{"account_number":572,"balance":49355,"firstname":"Therese","lastname":"Espinoza","age":20,"gender":"M","address":"994 Chester Court","employer":"Gonkle","email":"thereseespinoza@gonkle.com","city":"Hayes","state":"UT"}
{"index":{"_id":"577"}}
{"account_number":577,"balance":21398,"firstname":"Gilbert","lastname":"Serrano","age":38,"gender":"F","address":"294 Troutman Street","employer":"Senmao","email":"gilbertserrano@senmao.com","city":"Greer","state":"MT"}
{"index":{"_id":"584"}}
{"account_number":584,"balance":5346,"firstname":"Pearson","lastname":"Bryant","age":40,"gender":"F","address":"971 Heyward Street","employer":"Anacho","email":"pearsonbryant@anacho.com","city":"Bluffview","state":"MN"}
{"index":{"_id":"589"}}
{"account_number":589,"balance":33260,"firstname":"Ericka","lastname":"Cote","age":39,"gender":"F","address":"425 Bath Avenue","employer":"Venoflex","email":"erickacote@venoflex.com","city":"Blue","state":"CT"}
{"index":{"_id":"591"}}
{"account_number":591,"balance":48997,"firstname":"Rivers","lastname":"Macdonald","age":34,"gender":"F","address":"919 Johnson Street","employer":"Ziore","email":"riversmacdonald@ziore.com","city":"Townsend","state":"IL"}
{"index":{"_id":"596"}}
{"account_number":596,"balance":4063,"firstname":"Letitia","lastname":"Walker","age":26,"gender":"F","address":"963 Vanderveer Place","employer":"Zizzle","email":"letitiawalker@zizzle.com","city":"Rossmore","state":"ID"}
{"index":{"_id":"604"}}
{"account_number":604,"balance":10675,"firstname":"Isabel","lastname":"Gilliam","age":23,"gender":"M","address":"854 Broadway ","employer":"Zenthall","email":"isabelgilliam@zenthall.com","city":"Ventress","state":"WI"}
{"index":{"_id":"609"}}
{"account_number":609,"balance":28586,"firstname":"Montgomery","lastname":"Washington","age":30,"gender":"M","address":"169 Schroeders Avenue","employer":"Kongle","email":"montgomerywashington@kongle.com","city":"Croom","state":"AZ"}
{"index":{"_id":"611"}}
{"account_number":611,"balance":17528,"firstname":"Katherine","lastname":"Prince","age":33,"gender":"F","address":"705 Elm Avenue","employer":"Zillacon","email":"katherineprince@zillacon.com","city":"Rew","state":"MI"}
{"index":{"_id":"616"}}
{"account_number":616,"balance":25276,"firstname":"Jessie","lastname":"Mayer","age":35,"gender":"F","address":"683 Chester Avenue","employer":"Emtrak","email":"jessiemayer@emtrak.com","city":"Marysville","state":"HI"}
{"index":{"_id":"623"}}
{"account_number":623,"balance":20514,"firstname":"Rose","lastname":"Combs","age":32,"gender":"F","address":"312 Grimes Road","employer":"Aquamate","email":"rosecombs@aquamate.com","city":"Fostoria","state":"OH"}
{"index":{"_id":"628"}}
{"account_number":628,"balance":42736,"firstname":"Buckner","lastname":"Chen","age":37,"gender":"M","address":"863 Rugby Road","employer":"Jamnation","email":"bucknerchen@jamnation.com","city":"Camas","state":"TX"}
{"index":{"_id":"630"}}
{"account_number":630,"balance":46060,"firstname":"Leanne","lastname":"Jones","age":31,"gender":"M","address":"451 Bayview Avenue","employer":"Wazzu","email":"leannejones@wazzu.com","city":"Kylertown","state":"OK"}
{"index":{"_id":"635"}}
{"account_number":635,"balance":44705,"firstname":"Norman","lastname":"Gilmore","age":33,"gender":"M","address":"330 Gates Avenue","employer":"Comfirm","email":"normangilmore@comfirm.com","city":"Riceville","state":"TN"}
{"index":{"_id":"642"}}
{"account_number":642,"balance":32852,"firstname":"Reyna","lastname":"Harris","age":35,"gender":"M","address":"305 Powell Street","employer":"Bedlam","email":"reynaharris@bedlam.com","city":"Florence","state":"KS"}
{"index":{"_id":"647"}}
{"account_number":647,"balance":10147,"firstname":"Annabelle","lastname":"Velazquez","age":30,"gender":"M","address":"299 Kensington Walk","employer":"Sealoud","email":"annabellevelazquez@sealoud.com","city":"Soudan","state":"ME"}
{"index":{"_id":"654"}}
{"account_number":654,"balance":38695,"firstname":"Armstrong","lastname":"Frazier","age":25,"gender":"M","address":"899 Seeley Street","employer":"Zensor","email":"armstrongfrazier@zensor.com","city":"Cherokee","state":"UT"}
{"index":{"_id":"659"}}
{"account_number":659,"balance":29648,"firstname":"Dorsey","lastname":"Sosa","age":40,"gender":"M","address":"270 Aberdeen Street","employer":"Daycore","email":"dorseysosa@daycore.com","city":"Chamberino","state":"SC"}
{"index":{"_id":"661"}}
{"account_number":661,"balance":3679,"firstname":"Joanne","lastname":"Spencer","age":39,"gender":"F","address":"910 Montauk Avenue","employer":"Visalia","email":"joannespencer@visalia.com","city":"Valmy","state":"NH"}
{"index":{"_id":"666"}}
{"account_number":666,"balance":13880,"firstname":"Mcguire","lastname":"Lloyd","age":40,"gender":"F","address":"658 Just Court","employer":"Centrexin","email":"mcguirelloyd@centrexin.com","city":"Warren","state":"MT"}
{"index":{"_id":"673"}}
{"account_number":673,"balance":11303,"firstname":"Mcdaniel","lastname":"Harrell","age":33,"gender":"M","address":"565 Montgomery Place","employer":"Eyeris","email":"mcdanielharrell@eyeris.com","city":"Garnet","state":"NV"}
{"index":{"_id":"678"}}
{"account_number":678,"balance":43663,"firstname":"Ruby","lastname":"Shaffer","age":28,"gender":"M","address":"350 Clark Street","employer":"Comtrail","email":"rubyshaffer@comtrail.com","city":"Aurora","state":"MA"}
{"index":{"_id":"680"}}
{"account_number":680,"balance":31561,"firstname":"Melton","lastname":"Camacho","age":32,"gender":"F","address":"771 Montana Place","employer":"Insuresys","email":"meltoncamacho@insuresys.com","city":"Sparkill","state":"IN"}
{"index":{"_id":"685"}}
{"account_number":685,"balance":22249,"firstname":"Yesenia","lastname":"Rowland","age":24,"gender":"F","address":"193 Dekalb Avenue","employer":"Coriander","email":"yeseniarowland@coriander.com","city":"Lupton","state":"NC"}
{"index":{"_id":"692"}}
{"account_number":692,"balance":10435,"firstname":"Haney","lastname":"Barlow","age":21,"gender":"F","address":"267 Lenox Road","employer":"Egypto","email":"haneybarlow@egypto.com","city":"Detroit","state":"IN"}
{"index":{"_id":"697"}}
{"account_number":697,"balance":48745,"firstname":"Mallory","lastname":"Emerson","age":24,"gender":"F","address":"318 Dunne Court","employer":"Exoplode","email":"malloryemerson@exoplode.com","city":"Montura","state":"LA"}
{"index":{"_id":"700"}}
{"account_number":700,"balance":19164,"firstname":"Patel","lastname":"Durham","age":21,"gender":"F","address":"440 King Street","employer":"Icology","email":"pateldurham@icology.com","city":"Mammoth","state":"IL"}
{"index":{"_id":"705"}}
{"account_number":705,"balance":28415,"firstname":"Krystal","lastname":"Cross","age":22,"gender":"M","address":"604 Drew Street","employer":"Tubesys","email":"krystalcross@tubesys.com","city":"Dalton","state":"MO"}
{"index":{"_id":"712"}}
{"account_number":712,"balance":12459,"firstname":"Butler","lastname":"Alston","age":37,"gender":"M","address":"486 Hemlock Street","employer":"Quordate","email":"butleralston@quordate.com","city":"Verdi","state":"MS"}
{"index":{"_id":"717"}}
{"account_number":717,"balance":29270,"firstname":"Erickson","lastname":"Mcdonald","age":31,"gender":"M","address":"873 Franklin Street","employer":"Exotechno","email":"ericksonmcdonald@exotechno.com","city":"Jessie","state":"MS"}
{"index":{"_id":"724"}}
{"account_number":724,"balance":12548,"firstname":"Hopper","lastname":"Peck","age":31,"gender":"M","address":"849 Hendrickson Street","employer":"Uxmox","email":"hopperpeck@uxmox.com","city":"Faxon","state":"UT"}
{"index":{"_id":"729"}}
{"account_number":729,"balance":41812,"firstname":"Katy","lastname":"Rivera","age":36,"gender":"F","address":"791 Olive Street","employer":"Blurrybus","email":"katyrivera@blurrybus.com","city":"Innsbrook","state":"MI"}
{"index":{"_id":"731"}}
{"account_number":731,"balance":4994,"firstname":"Lorene","lastname":"Weiss","age":35,"gender":"M","address":"990 Ocean Court","employer":"Comvoy","email":"loreneweiss@comvoy.com","city":"Lavalette","state":"WI"}
{"index":{"_id":"736"}}
{"account_number":736,"balance":28677,"firstname":"Rogers","lastname":"Mcmahon","age":21,"gender":"F","address":"423 Cameron Court","employer":"Brainclip","email":"rogersmcmahon@brainclip.com","city":"Saddlebrooke","state":"FL"}
{"index":{"_id":"743"}}
{"account_number":743,"balance":14077,"firstname":"Susana","lastname":"Moody","age":23,"gender":"M","address":"842 Fountain Avenue","employer":"Bitrex","email":"susanamoody@bitrex.com","city":"Temperanceville","state":"TN"}
{"index":{"_id":"748"}}
{"account_number":748,"balance":38060,"firstname":"Ford","lastname":"Branch","age":25,"gender":"M","address":"926 Cypress Avenue","employer":"Buzzness","email":"fordbranch@buzzness.com","city":"Beason","state":"DC"}
{"index":{"_id":"750"}}
{"account_number":750,"balance":40481,"firstname":"Cherie","lastname":"Brooks","age":20,"gender":"F","address":"601 Woodhull Street","employer":"Kaggle","email":"cheriebrooks@kaggle.com","city":"Groton","state":"MA"}
{"index":{"_id":"755"}}
{"account_number":755,"balance":43878,"firstname":"Bartlett","lastname":"Conway","age":22,"gender":"M","address":"453 Times Placez","employer":"Konnect","email":"bartlettconway@konnect.com","city":"Belva","state":"VT"}
{"index":{"_id":"762"}}
{"account_number":762,"balance":10291,"firstname":"Amanda","lastname":"Head","age":20,"gender":"F","address":"990 Ocean Parkway","employer":"Zentury","email":"amandahead@zentury.com","city":"Hegins","state":"AR"}
{"index":{"_id":"767"}}
{"account_number":767,"balance":26220,"firstname":"Anthony","lastname":"Sutton","age":27,"gender":"F","address":"179 Fayette Street","employer":"Xiix","email":"anthonysutton@xiix.com","city":"Iberia","state":"TN"}
{"index":{"_id":"774"}}
{"account_number":774,"balance":35287,"firstname":"Lynnette","lastname":"Alvarez","age":38,"gender":"F","address":"991 Brightwater Avenue","employer":"Gink","email":"lynnettealvarez@gink.com","city":"Leola","state":"NC"}
{"index":{"_id":"779"}}
{"account_number":779,"balance":40983,"firstname":"Maggie","lastname":"Pace","age":32,"gender":"F","address":"104 Harbor Court","employer":"Bulljuice","email":"maggiepace@bulljuice.com","city":"Floris","state":"MA"}
{"index":{"_id":"781"}}
{"account_number":781,"balance":29961,"firstname":"Sanford","lastname":"Mullen","age":26,"gender":"F","address":"879 Dover Street","employer":"Zanity","email":"sanfordmullen@zanity.com","city":"Martinez","state":"TX"}
{"index":{"_id":"786"}}
{"account_number":786,"balance":3024,"firstname":"Rene","lastname":"Vang","age":33,"gender":"M","address":"506 Randolph Street","employer":"Isopop","email":"renevang@isopop.com","city":"Vienna","state":"NJ"}
{"index":{"_id":"793"}}
{"account_number":793,"balance":16911,"firstname":"Alford","lastname":"Compton","age":36,"gender":"M","address":"186 Veronica Place","employer":"Zyple","email":"alfordcompton@zyple.com","city":"Sugartown","state":"AK"}
{"index":{"_id":"798"}}
{"account_number":798,"balance":3165,"firstname":"Catherine","lastname":"Ward","age":30,"gender":"F","address":"325 Burnett Street","employer":"Dreamia","email":"catherineward@dreamia.com","city":"Glenbrook","state":"SD"}
{"index":{"_id":"801"}}
{"account_number":801,"balance":14954,"firstname":"Molly","lastname":"Maldonado","age":37,"gender":"M","address":"518 Maple Avenue","employer":"Straloy","email":"mollymaldonado@straloy.com","city":"Hebron","state":"WI"}
{"index":{"_id":"806"}}
{"account_number":806,"balance":36492,"firstname":"Carson","lastname":"Riddle","age":31,"gender":"M","address":"984 Lois Avenue","employer":"Terrago","email":"carsonriddle@terrago.com","city":"Leland","state":"MN"}
{"index":{"_id":"813"}}
{"account_number":813,"balance":30833,"firstname":"Ebony","lastname":"Bishop","age":20,"gender":"M","address":"487 Ridge Court","employer":"Optique","email":"ebonybishop@optique.com","city":"Fairmount","state":"WA"}
{"index":{"_id":"818"}}
{"account_number":818,"balance":24433,"firstname":"Espinoza","lastname":"Petersen","age":26,"gender":"M","address":"641 Glenwood Road","employer":"Futurity","email":"espinozapetersen@futurity.com","city":"Floriston","state":"MD"}
{"index":{"_id":"820"}}
{"account_number":820,"balance":1011,"firstname":"Shepard","lastname":"Ramsey","age":24,"gender":"F","address":"806 Village Court","employer":"Mantro","email":"shepardramsey@mantro.com","city":"Tibbie","state":"NV"}
{"index":{"_id":"825"}}
{"account_number":825,"balance":49000,"firstname":"Terra","lastname":"Witt","age":21,"gender":"F","address":"590 Conway Street","employer":"Insectus","email":"terrawitt@insectus.com","city":"Forbestown","state":"AR"}
{"index":{"_id":"832"}}
{"account_number":832,"balance":8582,"firstname":"Laura","lastname":"Gibbs","age":39,"gender":"F","address":"511 Osborn Street","employer":"Corepan","email":"lauragibbs@corepan.com","city":"Worcester","state":"KS"}
{"index":{"_id":"837"}}
{"account_number":837,"balance":14485,"firstname":"Amy","lastname":"Villarreal","age":35,"gender":"M","address":"381 Stillwell Place","employer":"Fleetmix","email":"amyvillarreal@fleetmix.com","city":"Sanford","state":"IA"}
{"index":{"_id":"844"}}
{"account_number":844,"balance":26840,"firstname":"Jill","lastname":"David","age":31,"gender":"M","address":"346 Legion Street","employer":"Zytrax","email":"jilldavid@zytrax.com","city":"Saticoy","state":"SC"}
{"index":{"_id":"849"}}
{"account_number":849,"balance":16200,"firstname":"Barry","lastname":"Chapman","age":26,"gender":"M","address":"931 Dekoven Court","employer":"Darwinium","email":"barrychapman@darwinium.com","city":"Whitestone","state":"WY"}
{"index":{"_id":"851"}}
{"account_number":851,"balance":22026,"firstname":"Henderson","lastname":"Price","age":33,"gender":"F","address":"530 Hausman Street","employer":"Plutorque","email":"hendersonprice@plutorque.com","city":"Brutus","state":"RI"}
{"index":{"_id":"856"}}
{"account_number":856,"balance":27583,"firstname":"Alissa","lastname":"Knox","age":25,"gender":"M","address":"258 Empire Boulevard","employer":"Geologix","email":"alissaknox@geologix.com","city":"Hartsville/Hartley","state":"MN"}
{"index":{"_id":"863"}}
{"account_number":863,"balance":23165,"firstname":"Melendez","lastname":"Fernandez","age":40,"gender":"M","address":"661 Johnson Avenue","employer":"Vixo","email":"melendezfernandez@vixo.com","city":"Farmers","state":"IL"}
{"index":{"_id":"868"}}
{"account_number":868,"balance":27624,"firstname":"Polly","lastname":"Barron","age":22,"gender":"M","address":"129 Frank Court","employer":"Geofarm","email":"pollybarron@geofarm.com","city":"Loyalhanna","state":"ND"}
{"index":{"_id":"870"}}
{"account_number":870,"balance":43882,"firstname":"Goff","lastname":"Phelps","age":21,"gender":"M","address":"164 Montague Street","employer":"Digigen","email":"goffphelps@digigen.com","city":"Weedville","state":"IL"}
{"index":{"_id":"875"}}
{"account_number":875,"balance":19655,"firstname":"Mercer","lastname":"Pratt","age":24,"gender":"M","address":"608 Perry Place","employer":"Twiggery","email":"mercerpratt@twiggery.com","city":"Eggertsville","state":"MO"}
{"index":{"_id":"882"}}
{"account_number":882,"balance":10895,"firstname":"Mari","lastname":"Landry","age":39,"gender":"M","address":"963 Gerald Court","employer":"Kenegy","email":"marilandry@kenegy.com","city":"Lithium","state":"NC"}
{"index":{"_id":"887"}}
{"account_number":887,"balance":31772,"firstname":"Eunice","lastname":"Watts","age":36,"gender":"F","address":"707 Stuyvesant Avenue","employer":"Memora","email":"eunicewatts@memora.com","city":"Westwood","state":"TN"}
{"index":{"_id":"894"}}
{"account_number":894,"balance":1031,"firstname":"Tyler","lastname":"Fitzgerald","age":32,"gender":"M","address":"787 Meserole Street","employer":"Jetsilk","email":"tylerfitzgerald@jetsilk.com","city":"Woodlands","state":"WV"}
{"index":{"_id":"899"}}
{"account_number":899,"balance":32953,"firstname":"Carney","lastname":"Callahan","age":23,"gender":"M","address":"724 Kimball Street","employer":"Mangelica","email":"carneycallahan@mangelica.com","city":"Tecolotito","state":"MT"}
{"index":{"_id":"902"}}
{"account_number":902,"balance":13345,"firstname":"Hallie","lastname":"Jarvis","age":23,"gender":"F","address":"237 Duryea Court","employer":"Anixang","email":"halliejarvis@anixang.com","city":"Boykin","state":"IN"}
{"index":{"_id":"907"}}
{"account_number":907,"balance":12961,"firstname":"Ingram","lastname":"William","age":36,"gender":"M","address":"826 Overbaugh Place","employer":"Genmex","email":"ingramwilliam@genmex.com","city":"Kimmell","state":"AK"}
{"index":{"_id":"914"}}
{"account_number":914,"balance":7120,"firstname":"Esther","lastname":"Bean","age":32,"gender":"F","address":"583 Macon Street","employer":"Applica","email":"estherbean@applica.com","city":"Homeworth","state":"MN"}
{"index":{"_id":"919"}}
{"account_number":919,"balance":39655,"firstname":"Shauna","lastname":"Hanson","age":27,"gender":"M","address":"557 Hart Place","employer":"Exospace","email":"shaunahanson@exospace.com","city":"Outlook","state":"LA"}
{"index":{"_id":"921"}}
{"account_number":921,"balance":49119,"firstname":"Barbara","lastname":"Wade","age":29,"gender":"M","address":"687 Hoyts Lane","employer":"Roughies","email":"barbarawade@roughies.com","city":"Sattley","state":"CO"}
{"index":{"_id":"926"}}
{"account_number":926,"balance":49433,"firstname":"Welch","lastname":"Mcgowan","age":21,"gender":"M","address":"833 Quincy Street","employer":"Atomica","email":"welchmcgowan@atomica.com","city":"Hampstead","state":"VT"}
{"index":{"_id":"933"}}
{"account_number":933,"balance":18071,"firstname":"Tabitha","lastname":"Cole","age":21,"gender":"F","address":"916 Rogers Avenue","employer":"Eclipto","email":"tabithacole@eclipto.com","city":"Lawrence","state":"TX"}
{"index":{"_id":"938"}}
{"account_number":938,"balance":9597,"firstname":"Sharron","lastname":"Santos","age":40,"gender":"F","address":"215 Matthews Place","employer":"Zenco","email":"sharronsantos@zenco.com","city":"Wattsville","state":"VT"}
{"index":{"_id":"940"}}
{"account_number":940,"balance":23285,"firstname":"Melinda","lastname":"Mendoza","age":38,"gender":"M","address":"806 Kossuth Place","employer":"Kneedles","email":"melindamendoza@kneedles.com","city":"Coaldale","state":"OK"}
{"index":{"_id":"945"}}
{"account_number":945,"balance":23085,"firstname":"Hansen","lastname":"Hebert","age":33,"gender":"F","address":"287 Conduit Boulevard","employer":"Capscreen","email":"hansenhebert@capscreen.com","city":"Taycheedah","state":"AK"}
{"index":{"_id":"952"}}
{"account_number":952,"balance":21430,"firstname":"Angelique","lastname":"Weeks","age":33,"gender":"M","address":"659 Reeve Place","employer":"Exodoc","email":"angeliqueweeks@exodoc.com","city":"Turpin","state":"MD"}
{"index":{"_id":"957"}}
{"account_number":957,"balance":11373,"firstname":"Michael","lastname":"Giles","age":31,"gender":"M","address":"668 Court Square","employer":"Yogasm","email":"michaelgiles@yogasm.com","city":"Rosburg","state":"WV"}
{"index":{"_id":"964"}}
{"account_number":964,"balance":26154,"firstname":"Elena","lastname":"Waller","age":34,"gender":"F","address":"618 Crystal Street","employer":"Insurety","email":"elenawaller@insurety.com","city":"Gallina","state":"NY"}
{"index":{"_id":"969"}}
{"account_number":969,"balance":22214,"firstname":"Briggs","lastname":"Lynn","age":30,"gender":"M","address":"952 Lester Court","employer":"Quinex","email":"briggslynn@quinex.com","city":"Roland","state":"ID"}
{"index":{"_id":"971"}}
{"account_number":971,"balance":22772,"firstname":"Gabrielle","lastname":"Reilly","age":32,"gender":"F","address":"964 Tudor Terrace","employer":"Blanet","email":"gabriellereilly@blanet.com","city":"Falmouth","state":"AL"}
{"index":{"_id":"976"}}
{"account_number":976,"balance":31707,"firstname":"Mullen","lastname":"Tanner","age":26,"gender":"M","address":"711 Whitney Avenue","employer":"Pulze","email":"mullentanner@pulze.com","city":"Mooresburg","state":"MA"}
{"index":{"_id":"983"}}
{"account_number":983,"balance":47205,"firstname":"Mattie","lastname":"Eaton","age":24,"gender":"F","address":"418 Allen Avenue","employer":"Trasola","email":"mattieeaton@trasola.com","city":"Dupuyer","state":"NJ"}
{"index":{"_id":"988"}}
{"account_number":988,"balance":17803,"firstname":"Lucy","lastname":"Castro","age":34,"gender":"F","address":"425 Fleet Walk","employer":"Geekfarm","email":"lucycastro@geekfarm.com","city":"Mulino","state":"VA"}
{"index":{"_id":"990"}}
{"account_number":990,"balance":44456,"firstname":"Kelly","lastname":"Steele","age":35,"gender":"M","address":"809 Hoyt Street","employer":"Eschoir","email":"kellysteele@eschoir.com","city":"Stewartville","state":"ID"}
{"index":{"_id":"995"}}
{"account_number":995,"balance":21153,"firstname":"Phelps","lastname":"Parrish","age":25,"gender":"M","address":"666 Miller Place","employer":"Pearlessa","email":"phelpsparrish@pearlessa.com","city":"Brecon","state":"ME"}