<?xml version="1.0" encoding="UTF-8"?>
<beans xmlns="http://www.springframework.org/schema/beans"
       xmlns:xsi="http://www.w3.org/2001/XMLSchema-instance"
       xmlns:context="http://www.springframework.org/schema/context"
       xmlns:jdbc="http://www.springframework.org/schema/jdbc"
       xmlns:mvc="http://www.springframework.org/schema/mvc"
       xsi:schemaLocation="http://www.springframework.org/schema/beans
        http://www.springframework.org/schema/beans/spring-beans.xsd
        http://www.springframework.org/schema/context
        http://www.springframework.org/schema/context/spring-context.xsd
        http://www.springframework.org/schema/jdbc
        http://www.springframework.org/schema/jdbc/spring-jdbc.xsd
        http://www.springframework.org/schema/mvc http://www.springframework.org/schema/mvc/spring-mvc.xsd">

    <context:component-scan base-package="net.aimeizi" />
    <context:property-placeholder location="classpath*:jdbc.properties"/>
    <mvc:annotation-driven/>
    <mvc:resources mapping="/css/**" location="/css/" cache-period="10000"></mvc:resources>
    <mvc:resources mapping="/js/**" location="/js/" cache-period="10000"></mvc:resources>
    <mvc:resources mapping="/images/**" location="/images/" cache-period="10000"></mvc:resources>
    <!-- 数据库表初始化 -->
    <jdbc:initialize-database data-source="dataSource" enabled="false">
        <jdbc:script location="classpath:sql.sql"/>
    </jdbc:initialize-database>
    <bean id="dataSource" class="org.springframework.jdbc.datasource.DriverManagerDataSource">
        <property name="driverClassName" value="${jdbc.driverClassName}"/>
        <property name="url" value="${jdbc.url}"/>
        <property name="username" value="${jdbc.username}"/>
        <property name="password" value="${jdbc.password}"/>
    </bean>
    <bean class="org.springframework.web.servlet.view.InternalResourceViewResolver">
        <property name="prefix" value="/WEB-INF/pages/"/>
        <property name="suffix" value=".jsp"/>
    </bean>

</beans>